{"assets":{"FE8CE7A2FE3FD45C6D534E6AB5615156":{"type":"texture","index":5,"assetRequest":{"type":"slide","state":"contents","slide":"none"},"url":{"native":"assets\/BD075914-F305-486F-B59A-FDB545A28E0E.pdf"},"width":417,"height":41},"D6ED9C6B510A750348B6C1F3E0224112":{"type":"texture","index":14,"assetRequest":{"type":"slide","state":"contents","slide":"none"},"url":{"native":"assets\/BD075914-F305-486F-B59A-FDB545A28E0E.pdf"},"width":637,"height":637},"DDE2193530B19CA15717C7FE2AE481DE":{"type":"texture","index":6,"assetRequest":{"type":"slide","state":"contents","slide":"none"},"url":{"native":"assets\/BD075914-F305-486F-B59A-FDB545A28E0E.pdf"},"width":862,"height":607},"E76EB460E24EDD6BEF4FF425A0ADFFFE":{"url":{"native":"assets\/BD075914-F305-486F-B59A-FDB545A28E0E.pdf"},"height":544.96295166015625,"movie":"rgbcube.mp4-0.0000-1.7500","width":544.96295166015625,"type":"texture","assetRequest":{"type":"slide","state":"contents","slide":"none"},"index":11},"C171314BFE109C5C4195F37DF1D4A257":{"type":"texture","index":17,"assetRequest":{"type":"slide","state":"contents","slide":"none"},"url":{"native":"assets\/BD075914-F305-486F-B59A-FDB545A28E0E.pdf"},"width":1920,"height":1080},"rgbcube.mp4-0.0000-1.7500":{"type":"video","index":0,"assetRequest":{"type":"slide","state":"contents","slide":"none"},"url":{"web":"assets\/rgbcube.mp4-0.0000-1.7500.mp4","native":"assets\/rgbcube.mp4-0.0000-1.7500.mp4"},"width":1080,"height":1080},"5BA6DF7ACEF516F7DAB78587CF30CE20":{"type":"texture","index":0,"assetRequest":{"type":"slide","state":"contents","slide":"none"},"url":{"native":"assets\/BD075914-F305-486F-B59A-FDB545A28E0E.pdf"},"width":1920,"height":1080},"additive.mp4-0.0000-4.2709":{"type":"video","index":0,"assetRequest":{"type":"slide","state":"contents","slide":"none"},"url":{"web":"assets\/additive.mp4-0.0000-4.2709.mp4","native":"assets\/additive.mp4-0.0000-4.2709.mp4"},"width":1080,"height":1080},"1A78A7F75931836ACEAEE19F107CE265":{"url":{"native":"assets\/BD075914-F305-486F-B59A-FDB545A28E0E.pdf"},"height":490.697998046875,"movie":"animations-ae3_1.mp4-0.0000-3.2699","width":490.697998046875,"type":"texture","assetRequest":{"type":"slide","state":"contents","slide":"none"},"index":13},"9F95D15334900EDFA30A5B31E91905BC":{"type":"texture","index":10,"assetRequest":{"type":"slide","state":"contents","slide":"none"},"url":{"native":"assets\/BD075914-F305-486F-B59A-FDB545A28E0E.pdf"},"width":548,"height":548},"209B44DE9F8AD5EB3A62AFF18F9C19D3":{"type":"texture","index":1,"assetRequest":{"type":"slide","state":"contents","slide":"none"},"url":{"native":"assets\/BD075914-F305-486F-B59A-FDB545A28E0E.pdf"},"width":475,"height":849},"3958001F448BBB1F23523B4906415A16":{"type":"texture","index":8,"assetRequest":{"type":"slide","state":"contents","slide":"none"},"url":{"native":"assets\/BD075914-F305-486F-B59A-FDB545A28E0E.pdf"},"width":475,"height":849},"89163DD599B62C42BD3DF4F6035FFB9B":{"type":"texture","index":2,"assetRequest":{"type":"slide","state":"contents","slide":"none"},"url":{"native":"assets\/BD075914-F305-486F-B59A-FDB545A28E0E.pdf"},"width":548,"height":548},"6DC1A7CD701BB6DF5E35682CEDEE8027":{"type":"texture","index":16,"assetRequest":{"type":"slide","state":"contents","slide":"none"},"url":{"native":"assets\/BD075914-F305-486F-B59A-FDB545A28E0E.pdf"},"width":1920,"height":1080},"65B50B373A875D6847473983BF4E419E":{"type":"texture","index":3,"assetRequest":{"type":"slide","state":"contents","slide":"none"},"url":{"native":"assets\/BD075914-F305-486F-B59A-FDB545A28E0E.pdf"},"width":494,"height":494},"7DA920C9B319E0613B55027DEEACB081":{"type":"texture","index":12,"assetRequest":{"type":"slide","state":"contents","slide":"none"},"url":{"native":"assets\/BD075914-F305-486F-B59A-FDB545A28E0E.pdf"},"width":494,"height":494},"7A29B777BA61A8BF94CB8FF89CAFC80F":{"type":"texture","index":7,"assetRequest":{"type":"slide","state":"contents","slide":"none"},"url":{"native":"assets\/BD075914-F305-486F-B59A-FDB545A28E0E.pdf"},"width":98,"height":30},"picker4.mov-0.0000-30.0373":{"type":"video","index":0,"assetRequest":{"type":"slide","state":"contents","slide":"none"},"url":{"web":"assets\/picker4.mov-0.0000-30.0373.mov","native":"assets\/picker4.mov-0.0000-30.0373.mov"},"width":604,"height":1080},"D805CDEB907C1A816EBB00B51408EE61":{"url":{"native":"assets\/BD075914-F305-486F-B59A-FDB545A28E0E.pdf"},"height":845.82623291015625,"movie":"picker4.mov-0.0000-30.0373","width":472.82208251953125,"type":"texture","assetRequest":{"type":"slide","state":"contents","slide":"none"},"index":9},"6D299434C53BDD3B076CAE180835C1A7":{"url":{"native":"assets\/BD075914-F305-486F-B59A-FDB545A28E0E.pdf"},"height":634.32196044921875,"movie":"additive.mp4-0.0000-4.2709","width":634.32196044921875,"type":"texture","assetRequest":{"type":"slide","state":"contents","slide":"none"},"index":15},"2EF1FEA98129E116B09A6EA6E223536B":{"type":"texture","index":4,"assetRequest":{"type":"slide","state":"contents","slide":"none"},"url":{"native":"assets\/BD075914-F305-486F-B59A-FDB545A28E0E.pdf"},"width":637,"height":637},"animations-ae3_1.mp4-0.0000-3.2699":{"type":"video","index":0,"assetRequest":{"type":"slide","state":"contents","slide":"none"},"url":{"web":"assets\/animations-ae3_1.mp4-0.0000-3.2699.mp4","native":"assets\/animations-ae3_1.mp4-0.0000-3.2699.mp4"},"width":1080,"height":1080}},"events":[{"effects":[{"beginTime":0,"baseLayer":{"animations":[],"initialState":{"affineTransform":[1,0,0,1,0,0],"masksToBounds":false,"rotation":0,"scale":1,"position":{"pointX":1357.5357666015625,"pointY":479.99710083007812},"width":475,"sublayerTransform":[1,0,0,0,0,1,0,0,0,0,1,0,0,0,0,1],"contentsRect":{"y":0,"x":0,"width":1,"height":1},"opacity":1,"edgeAntialiasingMask":251658240,"height":849,"hidden":false,"anchorPoint":{"pointX":0.5,"pointY":0.5}},"objectID":"3628A4A3-B60B-477D-9D9E-B90F7D0F7059","layers":[{"animations":[],"initialState":{"affineTransform":[1,0,0,1,0,0],"masksToBounds":false,"rotation":0,"scale":1,"position":{"pointX":-160.0357666015625,"pointY":484.50289916992188},"width":475,"sublayerTransform":[1,0,0,0,0,1,0,0,0,0,1,-0.00035007912466775983,0,0,0,1],"contentsRect":{"y":0,"x":0,"width":1,"height":1},"opacity":1,"edgeAntialiasingMask":251658240,"height":849,"hidden":false,"anchorPoint":{"pointX":-0.3369174033717105,"pointY":0.5706747928974345}},"layers":[{"animations":[{"timeOffset":0,"beginTime":1e-100,"repeatCount":0,"animations":[{"timeOffset":0,"from":{"scalar":false},"beginTime":0,"repeatCount":0,"fillMode":"removed","property":"hidden","autoreverses":false,"duration":0.01,"to":{"scalar":false}},{"timeOffset":0,"from":{"scalar":true},"beginTime":0,"repeatCount":0,"fillMode":"removed","property":"isPlaying","autoreverses":false,"duration":0.01,"to":{"scalar":true}}],"fillMode":"both","autoreverses":false,"duration":0.01}],"layers":[],"texturedRectangle":{"isBackgroundTexture":true,"singleTextureOpacity":1,"textureType":5,"textBaseline":0,"textXHeight":0,"isVerticalText":false},"initialState":{"affineTransform":[1,0,0,1,0,0],"masksToBounds":false,"rotation":0,"scale":1,"position":{"pointX":236.4642333984375,"pointY":423.00289916992188},"width":475,"sublayerTransform":[1,0,0,0,0,1,0,0,0,0,1,0,0,0,0,1],"contentsRect":{"y":0,"x":0,"width":1,"height":1},"opacity":1,"edgeAntialiasingMask":0,"height":849,"hidden":false,"anchorPoint":{"pointX":0.5,"pointY":0.5}},"texture":"209B44DE9F8AD5EB3A62AFF18F9C19D3"}]}]},"effects":[{"beginTime":0,"baseLayer":{"animations":[],"initialState":{"affineTransform":[1,0,0,1,0,0],"masksToBounds":false,"rotation":0,"scale":1,"position":{"pointX":1356.4468078613281,"pointY":478.41021728515625},"width":472.82208251953125,"sublayerTransform":[1,0,0,0,0,1,0,0,0,0,1,0,0,0,0,1],"contentsRect":{"y":0,"x":0,"width":1,"height":1},"opacity":1,"edgeAntialiasingMask":251658240,"height":845.82623291015625,"hidden":false,"anchorPoint":{"pointX":0.5,"pointY":0.5}},"objectID":"3628A4A3-B60B-477D-9D9E-B90F7D0F7059","layers":[{"animations":[],"layers":[],"texturedRectangle":{"isBackgroundTexture":true,"singleTextureOpacity":1,"textureType":5,"textBaseline":0,"textXHeight":0,"isVerticalText":false},"initialState":{"affineTransform":[1,0,0,1,0,0],"masksToBounds":false,"rotation":0,"scale":1,"position":{"pointX":236.4642333984375,"pointY":423.00289916992188},"width":475,"sublayerTransform":[1,0,0,0,0,1,0,0,0,0,1,0,0,0,0,1],"contentsRect":{"y":0,"x":0,"width":1,"height":1},"opacity":1,"edgeAntialiasingMask":0,"height":849,"hidden":true,"anchorPoint":{"pointX":0.5,"pointY":0.5}},"texture":"3958001F448BBB1F23523B4906415A16"},{"animations":[],"layers":[],"isVideoLayer":true,"initialState":{"affineTransform":[1,0,0,1,0,0],"masksToBounds":false,"rotation":0,"scale":1,"position":{"pointX":236.41104125976562,"pointY":422.91311645507812},"width":472.82208251953125,"sublayerTransform":[1,0,0,0,0,1,0,0,0,0,1,0,0,0,0,1],"contentsRect":{"y":0,"x":0,"width":1,"height":1},"opacity":1,"edgeAntialiasingMask":251658240,"height":845.82623291015625,"hidden":false,"anchorPoint":{"pointX":0.5,"pointY":0.5}},"texture":"D805CDEB907C1A816EBB00B51408EE61"}]},"effects":[],"movie":{"startTime":0,"volume":1,"endTime":30.037332534790039,"isStreaming":false,"isAudioOnly":false,"asset":"picker4.mov-0.0000-30.0373"},"duration":0,"type":"buildIn","attributes":{"direction":0},"name":"renderMovie","objectID":"3628A4A3-B60B-477D-9D9E-B90F7D0F7059"},{"beginTime":0,"baseLayer":{"animations":[],"initialState":{"affineTransform":[1,0,0,1,0,0],"masksToBounds":false,"rotation":0,"scale":1,"position":{"pointX":-303.235595703125,"pointY":213.8013916015625},"width":548,"sublayerTransform":[1,0,0,0,0,1,0,0,0,0,1,0,0,0,0,1],"contentsRect":{"y":0,"x":0,"width":1,"height":1},"opacity":1,"edgeAntialiasingMask":251658240,"height":548,"hidden":false,"anchorPoint":{"pointX":0.5,"pointY":0.5}},"objectID":"58A17954-796E-4925-B8CC-CC8401AA7375","layers":[{"animations":[],"initialState":{"affineTransform":[1,0,0,1,0,0],"masksToBounds":false,"rotation":0,"scale":1,"position":{"pointX":1537.235595703125,"pointY":600.1986083984375},"width":548,"sublayerTransform":[1,0,0,0,0,1,0,0,0,0,1,-0.00035007912466775983,0,0,0,1],"contentsRect":{"y":0,"x":0,"width":1,"height":1},"opacity":1,"edgeAntialiasingMask":251658240,"height":548,"hidden":false,"anchorPoint":{"pointX":2.8051744447137317,"pointY":1.0952529350336451}},"layers":[{"animations":[{"timeOffset":0,"beginTime":1e-100,"repeatCount":0,"animations":[{"timeOffset":0,"from":{"scalar":false},"beginTime":0,"repeatCount":0,"fillMode":"removed","property":"hidden","autoreverses":false,"duration":0.01,"to":{"scalar":false}},{"timeOffset":0,"from":{"scalar":true},"beginTime":0,"repeatCount":0,"fillMode":"removed","property":"isPlaying","autoreverses":false,"duration":0.01,"to":{"scalar":true}}],"fillMode":"both","autoreverses":false,"duration":0.01}],"layers":[],"texturedRectangle":{"isBackgroundTexture":true,"singleTextureOpacity":1,"textureType":5,"textBaseline":0,"textXHeight":0,"isVerticalText":false},"initialState":{"affineTransform":[1,0,0,1,0,0],"masksToBounds":false,"rotation":0,"scale":1,"position":{"pointX":272.235595703125,"pointY":272.1986083984375},"width":548,"sublayerTransform":[1,0,0,0,0,1,0,0,0,0,1,0,0,0,0,1],"contentsRect":{"y":0,"x":0,"width":1,"height":1},"opacity":1,"edgeAntialiasingMask":0,"height":548,"hidden":false,"anchorPoint":{"pointX":0.5,"pointY":0.5}},"texture":"89163DD599B62C42BD3DF4F6035FFB9B"}]}]},"effects":[{"beginTime":0,"baseLayer":{"animations":[],"initialState":{"affineTransform":[1,0,0,1,0,0],"masksToBounds":false,"rotation":0,"scale":1,"position":{"pointX":-304.75411987304688,"pointY":212.28286743164062},"width":544.96295166015625,"sublayerTransform":[1,0,0,0,0,1,0,0,0,0,1,0,0,0,0,1],"contentsRect":{"y":0,"x":0,"width":1,"height":1},"opacity":1,"edgeAntialiasingMask":251658240,"height":544.96295166015625,"hidden":false,"anchorPoint":{"pointX":0.5,"pointY":0.5}},"objectID":"58A17954-796E-4925-B8CC-CC8401AA7375","layers":[{"animations":[],"layers":[],"texturedRectangle":{"isBackgroundTexture":true,"singleTextureOpacity":1,"textureType":5,"textBaseline":0,"textXHeight":0,"isVerticalText":false},"initialState":{"affineTransform":[1,0,0,1,0,0],"masksToBounds":false,"rotation":0,"scale":1,"position":{"pointX":272.235595703125,"pointY":272.1986083984375},"width":548,"sublayerTransform":[1,0,0,0,0,1,0,0,0,0,1,0,0,0,0,1],"contentsRect":{"y":0,"x":0,"width":1,"height":1},"opacity":1,"edgeAntialiasingMask":0,"height":548,"hidden":true,"anchorPoint":{"pointX":0.5,"pointY":0.5}},"texture":"9F95D15334900EDFA30A5B31E91905BC"},{"animations":[],"layers":[],"isVideoLayer":true,"initialState":{"affineTransform":[1,0,0,1,0,0],"masksToBounds":false,"rotation":0,"scale":1,"position":{"pointX":272.48147583007812,"pointY":272.48147583007812},"width":544.96295166015625,"sublayerTransform":[1,0,0,0,0,1,0,0,0,0,1,0,0,0,0,1],"contentsRect":{"y":0,"x":0,"width":1,"height":1},"opacity":1,"edgeAntialiasingMask":251658240,"height":544.96295166015625,"hidden":false,"anchorPoint":{"pointX":0.5,"pointY":0.5}},"texture":"E76EB460E24EDD6BEF4FF425A0ADFFFE"}]},"effects":[],"movie":{"volume":1,"isStreaming":false,"isAudioOnly":false,"endTime":1.75,"startTime":0,"asset":"rgbcube.mp4-0.0000-1.7500","loopMode":"looping"},"duration":0,"type":"buildIn","attributes":{"direction":0},"name":"renderMovie","objectID":"58A17954-796E-4925-B8CC-CC8401AA7375"},{"beginTime":0,"baseLayer":{"animations":[],"initialState":{"affineTransform":[1,0,0,1,0,0],"masksToBounds":false,"rotation":0,"scale":1,"position":{"pointX":-408.6942138671875,"pointY":805.6510009765625},"width":494,"sublayerTransform":[1,0,0,0,0,1,0,0,0,0,1,0,0,0,0,1],"contentsRect":{"y":0,"x":0,"width":1,"height":1},"opacity":1,"edgeAntialiasingMask":251658240,"height":494,"hidden":false,"anchorPoint":{"pointX":0.5,"pointY":0.5}},"objectID":"C75255F8-65D4-4B29-90A1-A76FCF5FE590","layers":[{"animations":[],"initialState":{"affineTransform":[1,0,0,1,0,0],"masksToBounds":false,"rotation":0,"scale":1,"position":{"pointX":1615.6942138671875,"pointY":-18.6510009765625},"width":494,"sublayerTransform":[1,0,0,0,0,1,0,0,0,0,1,-0.00035007912466775983,0,0,0,1],"contentsRect":{"y":0,"x":0,"width":1,"height":1},"opacity":1,"edgeAntialiasingMask":251658240,"height":494,"hidden":false,"anchorPoint":{"pointX":3.2706360604598936,"pointY":-0.037755062705592105}},"layers":[{"animations":[{"timeOffset":0,"beginTime":1e-100,"repeatCount":0,"animations":[{"timeOffset":0,"from":{"scalar":false},"beginTime":0,"repeatCount":0,"fillMode":"removed","property":"hidden","autoreverses":false,"duration":0.01,"to":{"scalar":false}},{"timeOffset":0,"from":{"scalar":true},"beginTime":0,"repeatCount":0,"fillMode":"removed","property":"isPlaying","autoreverses":false,"duration":0.01,"to":{"scalar":true}}],"fillMode":"both","autoreverses":false,"duration":0.01}],"layers":[],"texturedRectangle":{"isBackgroundTexture":true,"singleTextureOpacity":1,"textureType":5,"textBaseline":0,"textXHeight":0,"isVerticalText":false},"initialState":{"affineTransform":[1,0,0,1,0,0],"masksToBounds":false,"rotation":0,"scale":1,"position":{"pointX":245.6942138671875,"pointY":245.3489990234375},"width":494,"sublayerTransform":[1,0,0,0,0,1,0,0,0,0,1,0,0,0,0,1],"contentsRect":{"y":0,"x":0,"width":1,"height":1},"opacity":1,"edgeAntialiasingMask":0,"height":494,"hidden":false,"anchorPoint":{"pointX":0.5,"pointY":0.5}},"texture":"65B50B373A875D6847473983BF4E419E"}]}]},"effects":[{"beginTime":0,"baseLayer":{"animations":[],"initialState":{"affineTransform":[1,0,0,1,0,0],"masksToBounds":false,"rotation":0,"scale":1,"position":{"pointX":-410.34521484375,"pointY":804},"width":490.697998046875,"sublayerTransform":[1,0,0,0,0,1,0,0,0,0,1,0,0,0,0,1],"contentsRect":{"y":0,"x":0,"width":1,"height":1},"opacity":1,"edgeAntialiasingMask":251658240,"height":490.697998046875,"hidden":false,"anchorPoint":{"pointX":0.5,"pointY":0.5}},"objectID":"C75255F8-65D4-4B29-90A1-A76FCF5FE590","layers":[{"animations":[],"layers":[],"texturedRectangle":{"isBackgroundTexture":true,"singleTextureOpacity":1,"textureType":5,"textBaseline":0,"textXHeight":0,"isVerticalText":false},"initialState":{"affineTransform":[1,0,0,1,0,0],"masksToBounds":false,"rotation":0,"scale":1,"position":{"pointX":245.6942138671875,"pointY":245.3489990234375},"width":494,"sublayerTransform":[1,0,0,0,0,1,0,0,0,0,1,0,0,0,0,1],"contentsRect":{"y":0,"x":0,"width":1,"height":1},"opacity":1,"edgeAntialiasingMask":0,"height":494,"hidden":true,"anchorPoint":{"pointX":0.5,"pointY":0.5}},"texture":"7DA920C9B319E0613B55027DEEACB081"},{"animations":[],"layers":[],"isVideoLayer":true,"initialState":{"affineTransform":[1,0,0,1,0,0],"masksToBounds":false,"rotation":0,"scale":1,"position":{"pointX":245.3489990234375,"pointY":245.3489990234375},"width":490.697998046875,"sublayerTransform":[1,0,0,0,0,1,0,0,0,0,1,0,0,0,0,1],"contentsRect":{"y":0,"x":0,"width":1,"height":1},"opacity":1,"edgeAntialiasingMask":251658240,"height":490.697998046875,"hidden":false,"anchorPoint":{"pointX":0.5,"pointY":0.5}},"texture":"1A78A7F75931836ACEAEE19F107CE265"}]},"effects":[],"movie":{"volume":1,"isStreaming":false,"isAudioOnly":false,"endTime":3.2699332237243652,"startTime":0,"asset":"animations-ae3_1.mp4-0.0000-3.2699","loopMode":"looping"},"duration":0,"type":"buildIn","attributes":{"direction":0},"name":"renderMovie","objectID":"C75255F8-65D4-4B29-90A1-A76FCF5FE590"},{"beginTime":0,"baseLayer":{"animations":[],"initialState":{"affineTransform":[1,0,0,1,0,0],"masksToBounds":false,"rotation":0,"scale":1,"position":{"pointX":-441.0062255859375,"pointY":1441.735595703125},"width":637,"sublayerTransform":[1,0,0,0,0,1,0,0,0,0,1,0,0,0,0,1],"contentsRect":{"y":0,"x":0,"width":1,"height":1},"opacity":1,"edgeAntialiasingMask":251658240,"height":637,"hidden":false,"anchorPoint":{"pointX":0.5,"pointY":0.5}},"objectID":"2AB2609C-EEE0-4B67-B012-A6D5B5D606F9","layers":[{"animations":[],"initialState":{"affineTransform":[1,0,0,1,0,0],"masksToBounds":false,"rotation":0,"scale":1,"position":{"pointX":1719.5062255859375,"pointY":-583.235595703125},"width":637,"sublayerTransform":[1,0,0,0,0,1,0,0,0,0,1,-0.00035007912466775983,0,0,0,1],"contentsRect":{"y":0,"x":0,"width":1,"height":1},"opacity":1,"edgeAntialiasingMask":251658240,"height":637,"hidden":false,"anchorPoint":{"pointX":2.6993818298052394,"pointY":-0.91559748148057296}},"layers":[{"animations":[{"timeOffset":0,"beginTime":1e-100,"repeatCount":0,"animations":[{"timeOffset":0,"from":{"scalar":false},"beginTime":0,"repeatCount":0,"fillMode":"removed","property":"hidden","autoreverses":false,"duration":0.01,"to":{"scalar":false}},{"timeOffset":0,"from":{"scalar":true},"beginTime":0,"repeatCount":0,"fillMode":"removed","property":"isPlaying","autoreverses":false,"duration":0.01,"to":{"scalar":true}}],"fillMode":"both","autoreverses":false,"duration":0.01}],"layers":[],"texturedRectangle":{"isBackgroundTexture":true,"singleTextureOpacity":1,"textureType":5,"textBaseline":0,"textXHeight":0,"isVerticalText":false},"initialState":{"affineTransform":[1,0,0,1,0,0],"masksToBounds":false,"rotation":0,"scale":1,"position":{"pointX":317.0062255859375,"pointY":317.264404296875},"width":637,"sublayerTransform":[1,0,0,0,0,1,0,0,0,0,1,0,0,0,0,1],"contentsRect":{"y":0,"x":0,"width":1,"height":1},"opacity":1,"edgeAntialiasingMask":0,"height":637,"hidden":false,"anchorPoint":{"pointX":0.5,"pointY":0.5}},"texture":"2EF1FEA98129E116B09A6EA6E223536B"}]}]},"effects":[{"beginTime":0,"baseLayer":{"animations":[],"initialState":{"affineTransform":[1,0,0,1,0,0],"masksToBounds":false,"rotation":0,"scale":1,"position":{"pointX":-442.34524536132812,"pointY":1440.3965759277344},"width":634.32196044921875,"sublayerTransform":[1,0,0,0,0,1,0,0,0,0,1,0,0,0,0,1],"contentsRect":{"y":0,"x":0,"width":1,"height":1},"opacity":1,"edgeAntialiasingMask":251658240,"height":634.32196044921875,"hidden":false,"anchorPoint":{"pointX":0.5,"pointY":0.5}},"objectID":"2AB2609C-EEE0-4B67-B012-A6D5B5D606F9","layers":[{"animations":[],"layers":[],"texturedRectangle":{"isBackgroundTexture":true,"singleTextureOpacity":1,"textureType":5,"textBaseline":0,"textXHeight":0,"isVerticalText":false},"initialState":{"affineTransform":[1,0,0,1,0,0],"masksToBounds":false,"rotation":0,"scale":1,"position":{"pointX":317.0062255859375,"pointY":317.264404296875},"width":637,"sublayerTransform":[1,0,0,0,0,1,0,0,0,0,1,0,0,0,0,1],"contentsRect":{"y":0,"x":0,"width":1,"height":1},"opacity":1,"edgeAntialiasingMask":0,"height":637,"hidden":true,"anchorPoint":{"pointX":0.5,"pointY":0.5}},"texture":"D6ED9C6B510A750348B6C1F3E0224112"},{"animations":[],"layers":[],"isVideoLayer":true,"initialState":{"affineTransform":[1,0,0,1,0,0],"masksToBounds":false,"rotation":0,"scale":1,"position":{"pointX":317.16098022460938,"pointY":317.16098022460938},"width":634.32196044921875,"sublayerTransform":[1,0,0,0,0,1,0,0,0,0,1,0,0,0,0,1],"contentsRect":{"y":0,"x":0,"width":1,"height":1},"opacity":1,"edgeAntialiasingMask":251658240,"height":634.32196044921875,"hidden":false,"anchorPoint":{"pointX":0.5,"pointY":0.5}},"texture":"6D299434C53BDD3B076CAE180835C1A7"}]},"effects":[],"movie":{"volume":1,"isStreaming":false,"isAudioOnly":false,"endTime":4.2709331512451172,"startTime":0,"asset":"additive.mp4-0.0000-4.2709","loopMode":"looping"},"duration":0,"type":"buildIn","attributes":{"direction":0},"name":"renderMovie","objectID":"2AB2609C-EEE0-4B67-B012-A6D5B5D606F9"}],"duration":0.01,"type":"buildIn","attributes":{"direction":0},"name":"apple:movie-start","objectID":"2AB2609C-EEE0-4B67-B012-A6D5B5D606F9"}],"duration":0.01,"type":"buildIn","attributes":{"direction":0},"name":"apple:movie-start","objectID":"C75255F8-65D4-4B29-90A1-A76FCF5FE590"}],"duration":0.01,"type":"buildIn","attributes":{"direction":0},"name":"apple:movie-start","objectID":"58A17954-796E-4925-B8CC-CC8401AA7375"}],"duration":0.01,"type":"buildIn","attributes":{"direction":0},"name":"apple:movie-start","objectID":"3628A4A3-B60B-477D-9D9E-B90F7D0F7059"}],"automaticPlay":true,"hyperlinks":[],"accessibility":[{"text":"Color picker","targetRectangle":{"y":41.369594573974609,"x":43.526565551757812,"width":421.2000000000001,"height":65.199978113174438}},{"text":"26\/49","targetRectangle":{"y":1024.9664916992188,"x":1802.4120635986328,"width":97.5,"height":70.79998855590884}},{"text":"Der Color Picker ist ein interaktives 3D-Modell für den RGB-Farbraum.  ","targetRectangle":{"y":276.75262451171875,"x":46.980266571044922,"width":842.4000000000002,"height":82.519999365806029}},{"text":"Er ist übersichtlich, umfassend und kompakt sowie intuitiv im Aufbau und in der Interaktion. ","targetRectangle":{"y":400.53262356042785,"x":46.980266571044922,"width":877.50000000000011,"height":82.519999365806029}},{"text":"Ein Steuerungswürfel aus Papier dient als Sockel für ein dreidimensionales Raster-Objekt aus Kugeln. ","targetRectangle":{"y":524.31262260913695,"x":46.980266571044922,"width":859.94999999999959,"height":123.77999904870899}},{"text":"Jede Kugel ist mit einem Fadenkreuz anwählbar. Die RGB-Werte werden live angezeigt sowie die entsprechende Farbe auf den Augenzahlen. ","targetRectangle":{"y":689.35262134074901,"x":46.980266571044922,"width":824.85000000000025,"height":123.77999904870899}},{"text":"Die Kamera kann auch in das Innere bewegt werden. ","targetRectangle":{"y":854.39262007236107,"x":46.980266571044922,"width":877.49999999999932,"height":41.259999682903072}}],"baseLayer":{"animations":[],"initialState":{"affineTransform":[1,0,0,1,0,0],"masksToBounds":false,"rotation":0,"scale":1,"position":{"pointX":960,"pointY":540},"width":1920,"sublayerTransform":[1,0,0,0,0,1,0,0,0,0,1,0,0,0,0,1],"contentsRect":{"y":0,"x":0,"width":1,"height":1},"opacity":1,"edgeAntialiasingMask":251658240,"height":1080,"hidden":false,"anchorPoint":{"pointX":0.5,"pointY":0.5}},"layers":[{"animations":[],"initialState":{"affineTransform":[1,0,0,1,0,0],"masksToBounds":false,"rotation":0,"scale":1,"position":{"pointX":960,"pointY":540},"width":1920,"sublayerTransform":[1,0,0,0,0,1,0,0,0,0,1,0,0,0,0,1],"contentsRect":{"y":0,"x":0,"width":1,"height":1},"opacity":1,"edgeAntialiasingMask":251658240,"height":1080,"hidden":false,"anchorPoint":{"pointX":0.5,"pointY":0.5}},"layers":[{"animations":[],"initialState":{"affineTransform":[1,0,0,1,0,0],"masksToBounds":false,"rotation":0,"scale":1,"position":{"pointX":960,"pointY":540},"width":1920,"sublayerTransform":[1,0,0,0,0,1,0,0,0,0,1,0,0,0,0,1],"contentsRect":{"y":0,"x":0,"width":1,"height":1},"opacity":1,"edgeAntialiasingMask":251658240,"height":1080,"hidden":false,"anchorPoint":{"pointX":0.5,"pointY":0.5}},"layers":[{"animations":[],"layers":[],"texturedRectangle":{"isBackgroundTexture":true,"singleTextureOpacity":1,"textureType":1,"textBaseline":0,"textXHeight":0,"isVerticalText":false},"initialState":{"affineTransform":[1,0,0,1,0,0],"masksToBounds":false,"rotation":0,"scale":1,"position":{"pointX":960,"pointY":540},"width":1920,"sublayerTransform":[1,0,0,0,0,1,0,0,0,0,1,0,0,0,0,1],"contentsRect":{"y":0,"x":0,"width":1,"height":1},"opacity":1,"edgeAntialiasingMask":0,"height":1080,"hidden":false,"anchorPoint":{"pointX":0.5,"pointY":0.5}},"texture":"5BA6DF7ACEF516F7DAB78587CF30CE20"}]}]},{"animations":[],"initialState":{"affineTransform":[1,0,0,1,0,0],"masksToBounds":false,"rotation":0,"scale":1,"position":{"pointX":960,"pointY":540},"width":1920,"sublayerTransform":[1,0,0,0,0,1,0,0,0,0,1,0,0,0,0,1],"contentsRect":{"y":0,"x":0,"width":1,"height":1},"opacity":1,"edgeAntialiasingMask":251658240,"height":1080,"hidden":false,"anchorPoint":{"pointX":0.5,"pointY":0.5}},"layers":[{"animations":[],"initialState":{"affineTransform":[1,0,0,1,0,0],"masksToBounds":false,"rotation":0,"scale":1,"position":{"pointX":1357.5357666015625,"pointY":479.99710083007812},"width":475,"sublayerTransform":[1,0,0,0,0,1,0,0,0,0,1,0,0,0,0,1],"contentsRect":{"y":0,"x":0,"width":1,"height":1},"opacity":1,"edgeAntialiasingMask":251658240,"height":849,"hidden":false,"anchorPoint":{"pointX":0.5,"pointY":0.5}},"objectID":"3628A4A3-B60B-477D-9D9E-B90F7D0F7059","layers":[{"animations":[],"layers":[],"texturedRectangle":{"isBackgroundTexture":true,"singleTextureOpacity":1,"textureType":5,"textBaseline":0,"textXHeight":0,"isVerticalText":false},"initialState":{"affineTransform":[1,0,0,1,0,0],"masksToBounds":false,"rotation":0,"scale":1,"position":{"pointX":236.4642333984375,"pointY":423.00289916992188},"width":475,"sublayerTransform":[1,0,0,0,0,1,0,0,0,0,1,0,0,0,0,1],"contentsRect":{"y":0,"x":0,"width":1,"height":1},"opacity":1,"edgeAntialiasingMask":0,"height":849,"hidden":false,"anchorPoint":{"pointX":0.5,"pointY":0.5}},"texture":"209B44DE9F8AD5EB3A62AFF18F9C19D3"}]}]},{"animations":[],"initialState":{"affineTransform":[1,0,0,1,0,0],"masksToBounds":false,"rotation":0,"scale":1,"position":{"pointX":960,"pointY":540},"width":1920,"sublayerTransform":[1,0,0,0,0,1,0,0,0,0,1,0,0,0,0,1],"contentsRect":{"y":0,"x":0,"width":1,"height":1},"opacity":1,"edgeAntialiasingMask":251658240,"height":1080,"hidden":false,"anchorPoint":{"pointX":0.5,"pointY":0.5}},"layers":[{"animations":[],"initialState":{"affineTransform":[1,0,0,1,0,0],"masksToBounds":false,"rotation":0,"scale":1,"position":{"pointX":-303.235595703125,"pointY":213.8013916015625},"width":548,"sublayerTransform":[1,0,0,0,0,1,0,0,0,0,1,0,0,0,0,1],"contentsRect":{"y":0,"x":0,"width":1,"height":1},"opacity":1,"edgeAntialiasingMask":251658240,"height":548,"hidden":false,"anchorPoint":{"pointX":0.5,"pointY":0.5}},"objectID":"58A17954-796E-4925-B8CC-CC8401AA7375","layers":[{"animations":[],"layers":[],"texturedRectangle":{"isBackgroundTexture":true,"singleTextureOpacity":1,"textureType":5,"textBaseline":0,"textXHeight":0,"isVerticalText":false},"initialState":{"affineTransform":[1,0,0,1,0,0],"masksToBounds":false,"rotation":0,"scale":1,"position":{"pointX":272.235595703125,"pointY":272.1986083984375},"width":548,"sublayerTransform":[1,0,0,0,0,1,0,0,0,0,1,0,0,0,0,1],"contentsRect":{"y":0,"x":0,"width":1,"height":1},"opacity":1,"edgeAntialiasingMask":0,"height":548,"hidden":false,"anchorPoint":{"pointX":0.5,"pointY":0.5}},"texture":"89163DD599B62C42BD3DF4F6035FFB9B"}]}]},{"animations":[],"initialState":{"affineTransform":[1,0,0,1,0,0],"masksToBounds":false,"rotation":0,"scale":1,"position":{"pointX":960,"pointY":540},"width":1920,"sublayerTransform":[1,0,0,0,0,1,0,0,0,0,1,0,0,0,0,1],"contentsRect":{"y":0,"x":0,"width":1,"height":1},"opacity":1,"edgeAntialiasingMask":251658240,"height":1080,"hidden":false,"anchorPoint":{"pointX":0.5,"pointY":0.5}},"layers":[{"animations":[],"initialState":{"affineTransform":[1,0,0,1,0,0],"masksToBounds":false,"rotation":0,"scale":1,"position":{"pointX":-408.6942138671875,"pointY":805.6510009765625},"width":494,"sublayerTransform":[1,0,0,0,0,1,0,0,0,0,1,0,0,0,0,1],"contentsRect":{"y":0,"x":0,"width":1,"height":1},"opacity":1,"edgeAntialiasingMask":251658240,"height":494,"hidden":false,"anchorPoint":{"pointX":0.5,"pointY":0.5}},"objectID":"C75255F8-65D4-4B29-90A1-A76FCF5FE590","layers":[{"animations":[],"layers":[],"texturedRectangle":{"isBackgroundTexture":true,"singleTextureOpacity":1,"textureType":5,"textBaseline":0,"textXHeight":0,"isVerticalText":false},"initialState":{"affineTransform":[1,0,0,1,0,0],"masksToBounds":false,"rotation":0,"scale":1,"position":{"pointX":245.6942138671875,"pointY":245.3489990234375},"width":494,"sublayerTransform":[1,0,0,0,0,1,0,0,0,0,1,0,0,0,0,1],"contentsRect":{"y":0,"x":0,"width":1,"height":1},"opacity":1,"edgeAntialiasingMask":0,"height":494,"hidden":false,"anchorPoint":{"pointX":0.5,"pointY":0.5}},"texture":"65B50B373A875D6847473983BF4E419E"}]}]},{"animations":[],"initialState":{"affineTransform":[1,0,0,1,0,0],"masksToBounds":false,"rotation":0,"scale":1,"position":{"pointX":960,"pointY":540},"width":1920,"sublayerTransform":[1,0,0,0,0,1,0,0,0,0,1,0,0,0,0,1],"contentsRect":{"y":0,"x":0,"width":1,"height":1},"opacity":1,"edgeAntialiasingMask":251658240,"height":1080,"hidden":false,"anchorPoint":{"pointX":0.5,"pointY":0.5}},"layers":[{"animations":[],"initialState":{"affineTransform":[1,0,0,1,0,0],"masksToBounds":false,"rotation":0,"scale":1,"position":{"pointX":-441.0062255859375,"pointY":1441.735595703125},"width":637,"sublayerTransform":[1,0,0,0,0,1,0,0,0,0,1,0,0,0,0,1],"contentsRect":{"y":0,"x":0,"width":1,"height":1},"opacity":1,"edgeAntialiasingMask":251658240,"height":637,"hidden":false,"anchorPoint":{"pointX":0.5,"pointY":0.5}},"objectID":"2AB2609C-EEE0-4B67-B012-A6D5B5D606F9","layers":[{"animations":[],"layers":[],"texturedRectangle":{"isBackgroundTexture":true,"singleTextureOpacity":1,"textureType":5,"textBaseline":0,"textXHeight":0,"isVerticalText":false},"initialState":{"affineTransform":[1,0,0,1,0,0],"masksToBounds":false,"rotation":0,"scale":1,"position":{"pointX":317.0062255859375,"pointY":317.264404296875},"width":637,"sublayerTransform":[1,0,0,0,0,1,0,0,0,0,1,0,0,0,0,1],"contentsRect":{"y":0,"x":0,"width":1,"height":1},"opacity":1,"edgeAntialiasingMask":0,"height":637,"hidden":false,"anchorPoint":{"pointX":0.5,"pointY":0.5}},"texture":"2EF1FEA98129E116B09A6EA6E223536B"}]}]},{"animations":[],"initialState":{"affineTransform":[1,0,0,1,0,0],"masksToBounds":false,"rotation":0,"scale":1,"position":{"pointX":960,"pointY":540},"width":1920,"sublayerTransform":[1,0,0,0,0,1,0,0,0,0,1,0,0,0,0,1],"contentsRect":{"y":0,"x":0,"width":1,"height":1},"opacity":1,"edgeAntialiasingMask":251658240,"height":1080,"hidden":false,"anchorPoint":{"pointX":0.5,"pointY":0.5}},"layers":[{"animations":[],"initialState":{"affineTransform":[1,0,0,1,0,0],"masksToBounds":false,"rotation":0,"scale":1,"position":{"pointX":248.02656555175781,"pointY":57.869594573974588},"width":417,"sublayerTransform":[1,0,0,0,0,1,0,0,0,0,1,0,0,0,0,1],"contentsRect":{"y":0,"x":0,"width":1,"height":1},"opacity":1,"edgeAntialiasingMask":251658240,"height":41,"hidden":false,"anchorPoint":{"pointX":0.5,"pointY":0.5}},"layers":[{"animations":[],"layers":[],"texturedRectangle":{"singleTextureOpacity":1,"textXHeight":0.69541463414634153,"textBaseline":0.95164734561268871,"isBackgroundTexture":true,"isVerticalText":false,"textColor":[0.9999966025352478,0.99999994039535522,0.99999994039535522,1],"textureType":6},"initialState":{"affineTransform":[1,0,0,1,0,0],"masksToBounds":false,"rotation":0,"scale":1,"position":{"pointX":214.97343444824219,"pointY":35.130405426025412},"width":417,"sublayerTransform":[1,0,0,0,0,1,0,0,0,0,1,0,0,0,0,1],"contentsRect":{"y":0,"x":0,"width":1,"height":1},"opacity":1,"edgeAntialiasingMask":0,"height":41,"hidden":false,"anchorPoint":{"pointX":0.5,"pointY":0.5}},"texture":"FE8CE7A2FE3FD45C6D534E6AB5615156"}]}]},{"animations":[],"initialState":{"affineTransform":[1,0,0,1,0,0],"masksToBounds":false,"rotation":0,"scale":1,"position":{"pointX":960,"pointY":540},"width":1920,"sublayerTransform":[1,0,0,0,0,1,0,0,0,0,1,0,0,0,0,1],"contentsRect":{"y":0,"x":0,"width":1,"height":1},"opacity":1,"edgeAntialiasingMask":251658240,"height":1080,"hidden":false,"anchorPoint":{"pointX":0.5,"pointY":0.5}},"layers":[{"animations":[],"initialState":{"affineTransform":[1,0,0,1,0,0],"masksToBounds":false,"rotation":0,"scale":1,"position":{"pointX":473.98026657104538,"pointY":461.25262451171858},"width":862,"sublayerTransform":[1,0,0,0,0,1,0,0,0,0,1,0,0,0,0,1],"contentsRect":{"y":0,"x":0,"width":1,"height":1},"opacity":1,"edgeAntialiasingMask":251658240,"height":607,"hidden":false,"anchorPoint":{"pointX":0.5,"pointY":0.5}},"layers":[{"animations":[],"layers":[],"texturedRectangle":{"singleTextureOpacity":1,"textXHeight":0.022863261943986822,"textBaseline":0.98717725431702452,"isBackgroundTexture":true,"isVerticalText":false,"textColor":[0.9999966025352478,0.99999994039535522,0.99999994039535522,1],"textureType":6},"initialState":{"affineTransform":[1,0,0,1,0,0],"masksToBounds":false,"rotation":0,"scale":1,"position":{"pointX":434.01973342895462,"pointY":425.74737548828142},"width":862,"sublayerTransform":[1,0,0,0,0,1,0,0,0,0,1,0,0,0,0,1],"contentsRect":{"y":0,"x":0,"width":1,"height":1},"opacity":1,"edgeAntialiasingMask":0,"height":607,"hidden":false,"anchorPoint":{"pointX":0.5,"pointY":0.5}},"texture":"DDE2193530B19CA15717C7FE2AE481DE"}]}]},{"animations":[],"initialState":{"affineTransform":[1,0,0,1,0,0],"masksToBounds":false,"rotation":0,"scale":1,"position":{"pointX":960,"pointY":540},"width":1920,"sublayerTransform":[1,0,0,0,0,1,0,0,0,0,1,0,0,0,0,1],"contentsRect":{"y":0,"x":0,"width":1,"height":1},"opacity":1,"edgeAntialiasingMask":251658240,"height":1080,"hidden":false,"anchorPoint":{"pointX":0.5,"pointY":0.5}},"layers":[{"animations":[],"initialState":{"affineTransform":[1,0,0,1,0,0],"masksToBounds":false,"rotation":0,"scale":1,"position":{"pointX":1832.6550292968748,"pointY":1021.9664916992188},"width":98,"sublayerTransform":[1,0,0,0,0,1,0,0,0,0,1,0,0,0,0,1],"contentsRect":{"y":0,"x":0,"width":1,"height":1},"opacity":1,"edgeAntialiasingMask":251658240,"height":30,"hidden":false,"anchorPoint":{"pointX":0.5,"pointY":0.5}},"layers":[{"animations":[],"layers":[],"texturedRectangle":{"singleTextureOpacity":1,"textXHeight":0.51400000000000001,"textBaseline":0.84421540101369219,"isBackgroundTexture":true,"isVerticalText":false,"textColor":[0.9999966025352478,0.99999994039535522,0.99999994039535522,1],"textureType":6},"initialState":{"affineTransform":[1,0,0,1,0,0],"masksToBounds":false,"rotation":0,"scale":1,"position":{"pointX":67.344970703125227,"pointY":35.03350830078125},"width":98,"sublayerTransform":[1,0,0,0,0,1,0,0,0,0,1,0,0,0,0,1],"contentsRect":{"y":0,"x":0,"width":1,"height":1},"opacity":1,"edgeAntialiasingMask":0,"height":30,"hidden":false,"anchorPoint":{"pointX":0.5,"pointY":0.5}},"texture":"7A29B777BA61A8BF94CB8FF89CAFC80F"}]}]}]}},{"effects":[{"beginTime":0,"baseLayer":{"animations":[],"initialState":{"affineTransform":[1,0,0,1,0,0],"masksToBounds":false,"rotation":0,"scale":1,"position":{"pointX":960,"pointY":540},"width":1920,"sublayerTransform":[1,0,0,0,0,1,0,0,0,0,1,0,0,0,0,1],"contentsRect":{"y":0,"x":0,"width":1,"height":1},"opacity":1,"edgeAntialiasingMask":251658240,"height":1080,"hidden":false,"anchorPoint":{"pointX":0.5,"pointY":0.5}},"objectID":"0","layers":[{"animations":[],"initialState":{"affineTransform":[1,0,0,1,0,0],"masksToBounds":false,"rotation":0,"scale":1,"position":{"pointX":960,"pointY":540},"width":1920,"sublayerTransform":[1,0,0,0,0,1,0,0,0,0,1,-0.00035007912466775983,0,0,0,1],"contentsRect":{"y":0,"x":0,"width":1,"height":1},"opacity":1,"edgeAntialiasingMask":251658240,"height":1080,"hidden":false,"anchorPoint":{"pointX":0.5,"pointY":0.5}},"layers":[{"animations":[],"layers":[],"texturedRectangle":{"isBackgroundTexture":false,"singleTextureOpacity":1,"textureType":0,"textBaseline":0,"textXHeight":0,"isVerticalText":false},"initialState":{"affineTransform":[1,0,0,1,0,0],"masksToBounds":false,"rotation":0,"scale":1,"position":{"pointX":960,"pointY":540},"width":1920,"sublayerTransform":[1,0,0,0,0,1,0,0,0,0,1,0,0,0,0,1],"contentsRect":{"y":0,"x":0,"width":1,"height":1},"opacity":1,"edgeAntialiasingMask":0,"height":1080,"hidden":false,"anchorPoint":{"pointX":0.5,"pointY":0.5}},"texture":"C171314BFE109C5C4195F37DF1D4A257"},{"animations":[{"timeOffset":0,"from":{"scalar":false},"beginTime":0,"repeatCount":0,"fillMode":"both","property":"hidden","autoreverses":false,"duration":0.01,"to":{"scalar":true}}],"layers":[],"texturedRectangle":{"isBackgroundTexture":false,"singleTextureOpacity":1,"textureType":0,"textBaseline":0,"textXHeight":0,"isVerticalText":false},"initialState":{"affineTransform":[1,0,0,1,0,0],"masksToBounds":false,"rotation":0,"scale":1,"position":{"pointX":960,"pointY":540},"width":1920,"sublayerTransform":[1,0,0,0,0,1,0,0,0,0,1,0,0,0,0,1],"contentsRect":{"y":0,"x":0,"width":1,"height":1},"opacity":1,"edgeAntialiasingMask":0,"height":1080,"hidden":false,"anchorPoint":{"pointX":0.5,"pointY":0.5}},"texture":"6DC1A7CD701BB6DF5E35682CEDEE8027"}]}]},"effects":[],"duration":0.01,"type":"transition","attributes":{"direction":0},"name":"none","objectID":"0"}],"automaticPlay":false,"hyperlinks":[],"accessibility":[{"text":"Color picker","targetRectangle":{"y":41.369594573974609,"x":43.526565551757812,"width":421.2000000000001,"height":65.199978113174438}},{"text":"26\/49","targetRectangle":{"y":1024.9664916992188,"x":1802.4120635986328,"width":97.5,"height":70.79998855590884}},{"text":"Der Color Picker ist ein interaktives 3D-Modell für den RGB-Farbraum.  ","targetRectangle":{"y":276.75262451171875,"x":46.980266571044922,"width":842.4000000000002,"height":82.519999365806029}},{"text":"Er ist übersichtlich, umfassend und kompakt sowie intuitiv im Aufbau und in der Interaktion. ","targetRectangle":{"y":400.53262356042785,"x":46.980266571044922,"width":877.50000000000011,"height":82.519999365806029}},{"text":"Ein Steuerungswürfel aus Papier dient als Sockel für ein dreidimensionales Raster-Objekt aus Kugeln. ","targetRectangle":{"y":524.31262260913695,"x":46.980266571044922,"width":859.94999999999959,"height":123.77999904870899}},{"text":"Jede Kugel ist mit einem Fadenkreuz anwählbar. Die RGB-Werte werden live angezeigt sowie die entsprechende Farbe auf den Augenzahlen. ","targetRectangle":{"y":689.35262134074901,"x":46.980266571044922,"width":824.85000000000025,"height":123.77999904870899}},{"text":"Die Kamera kann auch in das Innere bewegt werden. ","targetRectangle":{"y":854.39262007236107,"x":46.980266571044922,"width":877.49999999999932,"height":41.259999682903072}}],"baseLayer":{"animations":[],"initialState":{"affineTransform":[1,0,0,1,0,0],"masksToBounds":false,"rotation":0,"scale":1,"position":{"pointX":960,"pointY":540},"width":1920,"sublayerTransform":[1,0,0,0,0,1,0,0,0,0,1,0,0,0,0,1],"contentsRect":{"y":0,"x":0,"width":1,"height":1},"opacity":1,"edgeAntialiasingMask":251658240,"height":1080,"hidden":false,"anchorPoint":{"pointX":0.5,"pointY":0.5}},"objectID":"0","layers":[{"animations":[],"initialState":{"affineTransform":[1,0,0,1,0,0],"masksToBounds":false,"rotation":0,"scale":1,"position":{"pointX":960,"pointY":540},"width":1920,"sublayerTransform":[1,0,0,0,0,1,0,0,0,0,1,-0.00035007912466775983,0,0,0,1],"contentsRect":{"y":0,"x":0,"width":1,"height":1},"opacity":1,"edgeAntialiasingMask":251658240,"height":1080,"hidden":false,"anchorPoint":{"pointX":0.5,"pointY":0.5}},"layers":[{"animations":[],"layers":[],"texturedRectangle":{"isBackgroundTexture":false,"singleTextureOpacity":1,"textureType":0,"textBaseline":0,"textXHeight":0,"isVerticalText":false},"initialState":{"affineTransform":[1,0,0,1,0,0],"masksToBounds":false,"rotation":0,"scale":1,"position":{"pointX":960,"pointY":540},"width":1920,"sublayerTransform":[1,0,0,0,0,1,0,0,0,0,1,0,0,0,0,1],"contentsRect":{"y":0,"x":0,"width":1,"height":1},"opacity":1,"edgeAntialiasingMask":0,"height":1080,"hidden":false,"anchorPoint":{"pointX":0.5,"pointY":0.5}},"texture":"6DC1A7CD701BB6DF5E35682CEDEE8027"}]}]}}]}